Country,Human Development Index (HDI) Value,Life expectancy at birth (years),Expected years of schooling (years),Mean years of schooling (years) 2019,Gross national income (GNI) per capita(2017 PPP $),Inequality-adjusted life expectancy index  (Value)   2019,Inequality-adjusted income index (value) 2019,Gross domestic product (GDP per capita 2017 PPP$) 2019,GDP Annual Growth (Percentage),Employment to population ratio,Mandatory paid maternity leave,Share of seats held by women in parliament (percentage),Stock of immigrants (percentage of poplulation),Consumer price index (2010=100),Healthy life expectancy at birth (years),Total Population( in millions),Urban Population (in percentage),Population age 65 and older( in millions),Human Development Index (female value) 2019,Human Development Index (male value) 2019,Gender Development Index (value) 2019,Gender Inequality Index Rank ,GDP per capita Female,GDP per capita Male,Life expectancy at birth Female (in years),Life expectancy at birth Male (in years),Expected years of schooling female (in years),Expected years of schooling male (in years),Mean years of schooling (female years) 2019,Mean years of schooling (male years) 2019,Estimated Gross national income (GNI) per female capita (2017 PPP$)  2019,Estimated Gross national income (GNI) per male capita (2017 PPP$)  2019,Employment in agriculture (% of total) 2019,Employment in services (% of total) 2019,Exports and imports (% of GDP) 2019,Labour force female participation rate (% ages 15 and older) 2019,Labour force male participation rate (% ages 15 and older) 2019,Label
Norway,0.957,82.4,18.1,12.9,"66,494",0.931,0.858,"63,633",0.5,61.7,,41,16.1,120,70.8,5.4,82.6,0.9,0.949,0.959,0.99,6,"58,548","74,280",84.4,80.4,18.8,17.4,13,12.8,"58,548","74,280",2.1,78.7,72.1,60.4,67.2,1
Ireland,0.955,82.3,18.7,12.7,"68,371",0.926,0.838,"86,781",4,59,182,24,17.1,107,70.4,4.9,63.4,0.7,0.943,0.961,0.981,23,"55,540","81,401",83.9,80.7,18.8,18.6,12.9,12.4,"55,540","81,401",4.6,76.7,239.2,56,68.4,1
Switzerland,0.955,83.8,16.3,13.4,"69,394",0.947,0.841,"68,628",0.2,65.1,98,39,29.9,100,72,8.6,73.8,1.6,0.934,0.965,0.968,1,"57,840","81,137",85.6,81.9,16.2,16.4,12.7,13.6,"57,840","81,137",2.9,76.8,119.4,62.9,73.8,1
"Hong Kong, China (SAR)",0.949,84.9,16.9,12.3,"62,985",0.973,0.724,"59,893",-1.9,57.9,70,,39.6,135,,7.4,100,1.3,0.933,0.959,0.972,,"45,961","82,993",87.7,82,17.1,16.8,11.9,12.7,"45,961","82,993",0.2,88.2,352.8,54,67.5,1
Iceland,0.949,83,19.1,12.8,"54,682",0.946,0.841,"55,874",-0.5,72.9,90,38,15.5,129,72.3,0.3,93.9,0.1,0.933,0.963,0.969,9,"46,413","62,883",84.5,81.5,20.2,18,12.6,13,"46,413","62,883",3.9,79.6,85.9,70.8,79.2,1
Germany,0.947,81.3,17,14.2,"55,314",0.908,0.786,"53,815",0.3,59,98,32,15.7,113,69.7,83.5,77.4,18,0.933,0.96,0.972,20,"45,277","65,599",83.7,78.9,16.9,17,13.9,14.4,"45,277","65,599",1.2,71.7,88.1,55.3,66.6,1
Sweden,0.945,82.8,19.5,12.5,"54,508",0.938,0.828,"53,205",0.1,60.4,,47,20,111,71.4,10,87.7,2,0.936,0.953,0.983,3,"47,709","61,287",84.6,81,20.4,18.6,12.7,12.4,"47,709","61,287",1.6,80.4,90.5,61.4,67.8,1
Australia,0.944,83.4,22,12.7,"48,085",0.94,0.771,"49,756",0.4,62.1,,37,30,120,70.3,25.2,86.1,4,0.932,0.955,0.976,25,"39,287","56,954",85.4,81.5,22.4,21.5,12.8,12.7,"39,287","56,954",2.6,77.6,45.7,60.3,70.9,1
Netherlands,0.944,82.3,18.5,12.4,"57,707",0.928,0.843,"57,141",1.2,61.6,112,34,13.4,116,70.6,17.1,91.9,3.4,0.926,0.96,0.966,4,"46,815","68,685",84,80.6,18.8,18.2,12.2,12.7,"46,815","68,685",2,82,154.3,58.3,69.1,1
Denmark,0.94,80.9,18.9,12.6,"58,662",0.903,0.853,"57,184",1.9,59.2,126,39,12.5,110,69.9,5.8,88,1.2,0.931,0.948,0.983,2,"49,296","68,134",82.9,78.9,19.6,18.3,12.8,12.4,"49,296","68,134",2.2,79.3,105,58.2,66.3,1
Finland,0.938,81.9,19.4,12.8,"48,511",0.924,0.835,"48,621",0.9,55.2,147,47,6.9,112,70.3,5.5,85.4,1.2,0.932,0.942,0.99,7,"40,759","56,485",84.7,79.1,20.2,18.6,13,12.6,"40,759","56,485",3.6,74.2,79.5,55.5,62.8,1
Singapore,0.938,83.6,16.4,11.6,"88,155",0.954,0.75,"97,341",-0.4,67.6,84,23,37.1,114,74.5,5.8,100,0.7,0.931,0.945,0.985,12,"71,387","1,03,421",85.7,81.5,16.7,16.3,11.2,12.1,"71,387","1,03,421",0.7,83.8,319.1,62,78.3,1
United Kingdom,0.932,81.3,17.5,13.2,"46,071",0.905,0.769,"46,699",0.8,60.4,42,29,14.1,120,69.1,67.5,83.7,12.5,0.916,0.944,0.97,31,"33,323","59,135",83,79.6,18,17,13.2,13.2,"33,323","59,135",1,81.1,64.3,57.6,68.1,1
Belgium,0.931,81.6,19.8,12.1,"52,085",0.914,0.837,"51,708",0.9,50.6,105,43,17.2,117,69.7,11.5,98,2.2,0.918,0.943,0.974,4,"41,948","62,427",83.9,79.3,20.7,18.8,11.9,12.2,"41,948","62,427",1,78.2,163.3,48.6,58.7,1
New Zealand,0.931,82.3,18.8,12.8,"40,799",0.917,0.759,"42,888",0.6,67.1,,41,22.3,114,69.6,4.8,86.6,0.8,0.912,0.946,0.964,33,"31,233","50,693",84,80.6,19.7,17.9,12.7,12.9,"31,233","50,693",5.7,74.8,55.9,64.8,75.3,1
Canada,0.929,82.4,16.2,13.4,"48,527",0.916,0.766,"49,031",0.2,61.5,105,33,21.3,117,70.4,37.4,81.5,6.6,0.922,0.935,0.986,19,"39,459","57,734",84.4,80.4,16.7,15.7,13.4,13.3,"39,459","57,734",1.5,79.1,65,60.8,69.4,1
United States,0.926,78.9,16.3,13.4,"63,826",0.848,0.711,"62,683",1.8,59.8,,24,15.4,117,65.4,329.1,82.5,53.3,0.922,0.928,0.994,46,"50,590","77,338",81.4,76.3,16.9,15.7,13.5,13.4,"50,590","77,338",1.3,78.9,26.4,56.1,68.2,1
Austria,0.922,81.5,16.1,12.5,"56,197",0.912,0.821,"56,352",1.2,57.8,112,39,19.9,118,70.6,9,58.5,1.7,0.903,0.937,0.964,14,"39,386","73,528",83.9,79.2,16.4,15.8,12.2,12.9,"39,386","73,528",3.6,71.2,107.7,55.1,66.6,1
Israel,0.919,83,16.2,13,"40,187",0.937,0.691,"40,162",1.6,61.6,105,23,23,108,71.8,8.5,92.5,1,0.904,0.929,0.973,26,"29,665","50,819",84.5,81.3,16.8,15.6,13.1,13,"29,665","50,819",0.9,82.1,58.5,59.7,68.5,1
Japan,0.919,84.6,15.2,12.9,"42,932",0.965,0.763,"41,429",0.9,60.3,98,15,2,105,73.8,126.9,91.7,35.5,0.906,0.927,0.978,24,"30,584","55,869",87.7,81.5,15.2,15.3,13.1,12.6,"30,584","55,869",3.4,72.3,36.8,52.7,71.3,1
Liechtenstein,0.919,80.7,14.9,12.5,"1,31,032",,,,,,,12,67,,,0,14.4,,,,,,,,,,13.8,16,,,,,,,,..,..,1
Slovenia,0.917,81.3,17.6,12.7,"38,080",0.916,0.82,"38,689",1.8,55.9,105,22,12.2,111,70.4,2.1,54.8,0.4,0.916,0.914,1.001,10,"33,885","42,312",84,78.6,18.3,16.8,12.6,12.7,"33,885","42,312",5.2,61.3,159.7,53.4,63.4,1
Korea (Republic of),0.916,83,16.5,12.2,"43,044",0.941,0.731,"42,661",1.8,60.4,90,17,2.3,115,72.3,51.2,81.4,7.7,0.881,0.941,0.936,11,"27,734","58,309",86,79.9,15.9,17,11.4,12.9,"27,734","58,309",4.9,70,76.7,52.9,73.1,1
Luxembourg,0.916,82.3,14.3,12.3,"72,712",0.925,0.806,"1,14,482",0.3,56.1,112,25,47.4,115,71,0.6,91.2,0.1,0.901,0.923,0.976,12,"58,642","86,488",84.3,80.2,14.3,14.2,12,12.6,"58,642","86,488",1,87.3,381.5,54.9,63.7,1
Spain,0.904,83.6,17.6,10.3,"40,975",0.949,0.732,"40,883",1.4,49.5,112,42,13.1,111,71.6,46.7,80.6,9.2,0.896,0.909,0.986,16,"32,881","49,356",86.2,80.8,18,17.2,10.2,10.3,"32,881","49,356",4.1,75.6,66.9,51.9,63.4,1
France,0.901,82.7,15.6,11.5,"47,173",0.927,0.804,"46,184",1.4,50.5,112,37,12.8,110,71.5,65.1,80.7,13.3,0.895,0.907,0.987,8,"39,478","55,375",85.5,79.7,16,15.3,11.3,11.7,"39,478","55,375",2.4,77.5,64.5,50.8,59.9,1
Czechia,0.9,79.4,16.8,12.7,"38,109",0.886,0.818,"40,314",2.2,59.4,196,21,4.8,116,68.6,10.7,73.9,2.1,0.893,0.906,0.985,36,"29,480","47,012",81.9,76.8,17.5,16.1,12.5,12.9,"29,480","47,012",2.7,60,144.9,52.9,68.5,1
Malta,0.895,82.5,16.1,11.3,"39,555",0.918,0.786,"43,340",0.6,54.6,126,15,19.3,113,71.1,0.4,94.7,0.1,0.877,0.909,0.966,40,"29,368","49,686",84.3,80.7,16.5,15.7,11.1,11.6,"29,368","49,686",1,80.7,261,46,67.1,1
Estonia,0.892,78.8,16,13.1,"36,019",0.871,0.758,"36,710",4,60.3,140,30,14.4,122,68.1,1.3,69.1,0.3,0.896,0.882,1.017,21,"27,086","45,984",82.7,74.4,16.8,15.2,13.6,12.7,"27,086","45,984",3.2,67.3,141.2,57.1,71,1
Italy,0.892,83.5,16.1,10.4,"42,776",0.947,0.716,"42,413",0.5,44.7,150,35,10.4,111,71.2,60.6,70.7,13.9,0.875,0.905,0.968,14,"31,639","54,529",85.5,81.3,16.4,15.8,10.2,10.6,"31,639","54,529",3.7,70.4,60.1,40.8,59,1
United Arab Emirates,0.89,78,14.3,12.1,"67,462",0.845,,"67,119",0.2,80.2,45,50,87.9,115,64.4,9.8,86.8,0.1,0.842,0.905,0.931,18,"28,578","84,723",79.3,77.3,14.8,14.1,11.7,12.4,"28,578","84,723",1.4,64.2,160.9,52.4,93.4,1
Greece,0.888,82.2,17.9,10.6,"30,155",0.924,0.709,"30,315",2,42.8,119,21,11.6,102,69.9,10.5,79.4,2.3,0.869,0.902,0.963,29,"24,062","36,476",84.7,79.8,17.5,18.1,10.3,10.8,"24,062","36,476",12,72.8,74.4,44.2,59.8,1
Cyprus,0.887,81,15.2,12.2,"38,207",0.904,0.779,"39,545",1.9,58.5,126,18,16,103,69.9,1.2,66.8,0.2,0.876,0.895,0.979,21,"31,881","44,533",83,78.9,15.4,14.9,12.1,12.3,"31,881","44,533",2.1,81.5,142.6,57.8,68.3,1
Lithuania,0.882,75.9,16.6,13.1,"35,799",0.813,0.706,"36,975",4.5,57.7,126,21,4.2,118,66.6,2.8,67.9,0.6,0.894,0.868,1.03,34,"30,987","41,389",81.4,70.3,17.1,16.2,13.1,13,"30,987","41,389",6.9,67.2,150.6,56.5,67.7,1
Poland,0.88,78.7,16.3,12.5,"31,623",0.865,0.752,"33,086",4.2,54.7,140,28,1.7,114,68.1,37.9,60,6.9,0.88,0.874,1.007,28,"24,827","38,850",82.6,74.8,16.9,15.3,12.5,12.4,"24,827","38,850",9.2,58.8,106.2,48.6,65.5,1
Andorra,0.868,81.9,13.3,10.5,"56,000",,,,1.7,,,46,58.5,,70.9,0.1,88,,,,,,,,,,,,10.4,10.6,,,,,,..,..,1
Latvia,0.866,75.3,16.2,13,"30,282",0.805,0.694,"30,830",3,57.4,112,30,12.4,117,66.3,1.9,68.2,0.4,0.879,0.849,1.036,41,"25,758","35,584",80,70.2,16.8,15.5,13.4,12.6,"25,758","35,584",6.8,69.5,119.7,55.7,68.4,1
Portugal,0.864,82.1,16.5,9.3,"33,967",0.921,0.731,"34,798",2.3,55.1,,39,8.7,111,70.2,10.2,65.8,2.3,0.858,0.868,0.988,17,"28,937","39,571",84.9,79,16.5,16.6,9.4,9.1,"28,937","39,571",5.9,69.4,87.6,54.2,64.1,1
Slovakia,0.86,77.5,14.5,12.7,"32,113",0.841,0.77,"32,793",2.3,56.2,238,20,3.4,115,67.6,5.5,53.7,0.9,0.855,0.862,0.992,45,"24,618","40,014",81,74,15,14,12.6,12.8,"24,618","40,014",2.2,61.6,185.2,52.2,67.4,1
Hungary,0.854,76.9,15.2,12,"31,329",0.838,0.743,"32,623",5,54.5,168,13,5.3,122,66.8,9.7,71.6,1.9,0.844,0.861,0.981,51,"23,170","40,316",80.3,73.2,15.5,14.9,11.7,12.2,"23,170","40,316",4.7,62.6,163,48.5,65.5,1
Saudi Arabia,0.854,75.1,16.1,10.2,"47,495",0.794,,"46,962",-1.3,52.6,70,20,38.3,118,64.5,34.3,84.1,1.2,0.791,0.883,0.896,56,"16,512","70,181",76.8,73.9,16,16.2,9.8,10.5,"16,512","70,181",2.4,72.9,62.2,22.1,78.4,1
Bahrain,0.852,77.3,16.3,9.5,"42,522",0.833,,"45,026",-2.6,72.8,60,19,45.2,118,66.6,1.6,89.4,0,0.806,0.874,0.922,49,"19,059","55,565",78.4,76.4,16.7,16.1,9.1,9.7,"19,059","55,565",1,63.8,151.4,45,87.2,1
Chile,0.851,80.2,16.4,10.6,"23,261",0.868,0.567,"24,226",-0.1,58.2,126,23,5,132,69.2,19,87.6,2.3,0.833,0.865,0.963,55,"16,398","30,322",82.4,77.8,16.7,16.2,10.5,10.7,"16,398","30,322",9,68.8,56.8,51.8,74,1
Croatia,0.851,78.5,15.2,11.4,"28,070",0.861,0.727,"28,509",3.5,47.6,208,21,12.5,110,68.2,4.1,57.2,0.9,0.848,0.857,0.99,29,"23,775","32,689",81.6,75.3,16,14.5,11.1,12.2,"23,775","32,689",6,66.5,102.8,45.4,57.5,1
Qatar,0.848,80.2,12,9.7,"92,418",0.874,,"92,651",-2,86.7,50,10,78.7,115,66.3,2.8,99.2,0,0.866,0.841,1.03,43,"45,338","1,07,833",82,79.1,14.1,11.3,11.3,9.4,"45,338","1,07,833",1.2,44.4,86.5,56.8,94.7,1
Argentina,0.845,76.7,17.7,10.9,"21,190",0.797,0.606,"22,034",-3.1,55.3,90,40,4.9,233,66.8,44.8,92,5,0.835,0.84,0.993,75,"14,872","27,826",80,73.2,18.9,16.4,11.1,10.7,"14,872","27,826",0.1,78.5,32.4,50.7,72.7,1
Brunei Darussalam,0.838,75.9,14.3,9.1,"63,965",0.794,,"62,100",2.8,58.8,91,9,25.5,99,65.3,0.4,77.9,0,0.83,0.846,0.981,60,"54,386","72,835",77.1,74.7,14.8,13.9,9.1,9.2,"54,386","72,835",1.4,82.8,108.5,57.8,71,1
Montenegro,0.829,76.9,15,11.6,"21,399",0.844,0.673,"21,379",3.6,46.3,45,28,11.3,116,66.5,0.6,67.2,0.1,0.814,0.843,0.966,26,"17,518","25,368",79.3,74.4,15.4,14.7,10.9,12.3,"17,518","25,368",7.9,73,109.5,46.5,62.8,1
Romania,0.828,76.1,14.3,11.1,"29,497",0.808,0.664,"29,909",4.7,52.5,126,20,2.4,124,66.4,19.4,54.1,3.6,0.824,0.831,0.991,61,"24,433","34,846",79.5,72.6,14.7,13.9,10.8,11.4,"24,433","34,846",21.7,48.2,84.6,45.3,64.7,1
Palau,0.826,73.9,15.8,12.5,"19,317",,,"18,070",1.1,,,14,28.1,118,59.2,0,80.5,,,,,,,,,,16.3,15.3,,,,,,,123.3,..,..,1
Kazakhstan,0.825,73.6,15.6,11.9,"22,857",0.761,0.736,"26,351",3.2,65.6,126,22,20,183,63.2,18.6,57.5,1.4,0.807,0.823,0.98,44,"16,791","29,296",77.7,69.2,15.8,15.1,10.9,11.9,"16,791","29,296",15.8,63.7,64.4,62.7,75.5,1
Russian Federation,0.824,72.6,15,12.2,"26,157",0.751,0.683,"27,044",1.4,59,140,16,8,181,63.7,145.9,74.6,22,0.823,0.817,1.007,50,"19,694","33,640",77.8,67.1,15.3,14.8,11.9,12.1,"19,694","33,640",5.8,67.6,49.1,54.8,70.2,1
Belarus,0.823,74.8,15.4,12.3,"18,546",0.806,0.704,"19,150",1.4,61.2,126,35,11.3,,65.1,9.5,79,1.4,0.824,0.819,1.007,31,"14,911","22,721",79.6,69.7,15.7,15.2,12.2,12.4,"14,911","22,721",11,58.5,133.3,57.7,71.8,1
Turkey,0.82,77.7,16.6,8.1,"27,701",0.808,0.645,"28,167",-0.5,45.7,112,17,7,234,67.8,83.4,75.6,7.3,0.784,0.848,0.924,68,"17,854","37,807",80.6,74.7,16,17.1,7.3,9,"17,854","37,807",18.4,55.3,61.4,34,72.6,1
Uruguay,0.817,77.9,16.8,8.9,"20,064",0.821,0.614,"21,561",-0.1,58.4,98,21,2.4,203,67.4,3.5,95.4,0.5,0.814,0.801,1.016,62,"15,445","25,008",81.5,74.1,17.1,15.1,9.2,8.6,"15,445","25,008",8.1,73,41,55.6,73.3,1
Bulgaria,0.816,75.1,14.4,11.4,"23,325",0.795,0.644,"23,091",4.1,53,410,26,2.4,114,64.6,7,75.3,1.5,0.813,0.817,0.995,48,"18,453","28,483",78.7,71.6,14.6,14.2,11.5,11.2,"18,453","28,483",6.4,63.5,123.7,49.2,62,1
Panama,0.815,78.5,12.9,10.2,"29,558",0.792,0.542,"31,459",1.3,64,98,21,4.4,122,69.2,4.2,68.1,0.4,0.826,0.811,1.019,94,"24,050","35,049",81.8,75.4,13.5,12.4,11.2,10,"24,050","35,049",14,67.3,89.4,53.4,79.9,1
Bahamas,0.814,73.9,12.9,11.4,"33,747",0.773,,"35,783",0.8,66.8,91,22,16.2,116,64.2,0.4,83.1,0,,,,77,"27,560","40,295",76.1,71.7,,,11.7,11.4,"27,560","40,295",2.1,83.6,77.4,68.1,81.6,1
Barbados,0.814,79.2,15.4,10.6,"14,936",0.831,0.502,"15,639",-0.2,58.5,84,29,12.1,134,66.7,0.3,31.2,0,0.816,0.809,1.008,56,"12,656","17,370",80.5,77.8,16.8,14,11,10.3,"12,656","17,370",2.6,78.3,83.7,61.7,69.1,1
Oman,0.813,77.9,14.2,9.7,"25,944",0.831,0.671,"27,896",-2.4,70.4,50,10,46,114,64.8,5,85.4,0.1,0.768,0.821,0.936,68,"7,959","35,201",80.3,76.1,15,13.7,10.6,9.4,"7,959","35,201",4.6,62.7,100.7,31,89.9,1
Georgia,0.812,73.8,15.3,13.1,"14,429",0.762,0.582,"15,014",5.3,58.5,183,15,2,134,64.5,4,59,0.6,0.8,0.817,0.98,76,"9,475","19,864",78.1,69.3,15.5,15,13.2,13.1,"9,475","19,864",41.8,44.3,116.9,57.4,80.8,1
Costa Rica,0.81,80.3,15.7,8.7,"18,486",0.862,0.521,"19,642",1.1,54.7,120,46,8.3,129,69.4,5,80.1,0.5,0.802,0.818,0.981,62,"13,476","23,501",82.9,77.7,16.4,15.4,8.9,8.6,"13,476","23,501",12.1,68.1,66.1,48.1,76.2,1
Malaysia,0.81,76.2,13.7,10.4,"27,534",0.811,,"28,351",3,62.2,60,16,10.7,121,65.7,31.9,76.6,2.2,0.797,0.821,0.972,59,"20,825","33,877",78.3,74.2,14,13.3,10.3,10.5,"20,825","33,877",10.4,62.6,123.1,50.7,77.1,1
Kuwait,0.806,75.5,14.2,7.3,"58,590",0.803,,"49,846",-1.3,71.9,70,5,72.1,127,70.3,4.2,100,0.1,0.793,0.807,0.983,53,"31,698","75,840",76.6,74.8,15.2,13.2,8,6.8,"31,698","75,840",2,73.6,100.5,49.7,87.5,1
Serbia,0.806,76,14.7,11.2,"17,192",0.819,0.591,"18,180",4.8,47.9,135,38,9.4,144,66.3,8.8,56.3,1.6,0.797,0.815,0.977,35,"13,990","20,525",78.6,73.4,15.3,14.2,10.8,11.6,"13,990","20,525",15.5,57.4,112.6,47.4,62.8,1
Mauritius,0.804,75,15.1,9.5,"25,266",0.766,0.684,"22,989",3.5,54.4,98,20,2.3,130,65.2,1.3,40.8,0.2,0.791,0.811,0.976,78,"15,870","34,898",78.5,71.7,15.7,14.4,9.4,9.7,"15,870","34,898",6.1,68.6,92.8,45.2,72,1
Seychelles,0.796,73.4,14.1,10,"26,903",0.743,0.598,"29,056",3.8,,112,21,13.2,130,64.4,0.1,57.1,0,,,,,,,77.4,69.9,15.3,13.1,9.9,10.1,,,,,155.2,..,..,2
Trinidad and Tobago,0.796,73.5,13,11,"26,231",0.701,,"26,176",-0.4,58.3,98,33,4.2,142,65.2,1.4,53.2,0.2,0.796,0.793,1.003,73,"20,482","32,121",76.2,70.9,14,12,11.1,10.9,"20,482","32,121",3,70.3,,50.1,70.2,2
Albania,0.795,78.6,14.7,10.1,"13,998",0.836,0.648,"13,962",2.7,48.9,365,30,1.7,119,68.9,2.9,61.2,0.4,0.78,0.807,0.967,42,"11,004","16,885",80.2,77,15.5,14,9.7,10.6,"11,004","16,885",36.7,43.3,76.7,46.7,64.6,2
Cuba,0.783,78.8,14.3,11.8,"8,621",0.858,,,2.3,52.7,,53,0,,68.4,11.3,77.1,1.8,0.754,0.799,0.944,67,"5,714","11,567",80.8,76.8,14.7,13.9,11.2,11.8,"5,714","11,567",17.5,65.6,27.1,40.7,66.8,2
Iran (Islamic Republic of),0.783,76.7,14.8,10.3,"12,447",0.792,0.585,"14,536",2.3,39.6,270,6,3.2,551,66.8,82.9,75.4,5.3,0.709,0.819,0.866,113,"4,084","20,637",77.9,75.6,14.6,15,10.3,10.4,"4,084","20,637",17.9,51.5,48.8,17.5,71.5,2
Sri Lanka,0.782,77,14.1,10.6,"12,707",0.815,0.568,"13,078",1.7,51.7,118,5,0.2,156,66.9,21.3,18.6,2.3,0.759,0.794,0.955,90,"7,433","18,423",80.3,73.6,14.5,13.8,10.6,10.6,"7,433","18,423",24.5,45.8,52.4,35.4,74.6,2
Bosnia and Herzegovina,0.78,77.4,13.8,9.8,"14,872",0.835,0.603,"14,895",3.3,37.8,365,21,1.1,105,67,3.3,48.6,0.6,0.753,0.803,0.937,38,"10,567","19,357",79.9,74.9,14.1,13.5,8.9,10.9,"10,567","19,357",15.4,52.4,95.9,35.4,58.1,2
Grenada,0.779,72.4,16.9,9,"15,641",0.716,,"17,242",2.6,,90,39,6.4,107,64,0.1,36.4,0,,,,,,,75,70.1,17,16.2,,,,,,,110,..,..,2
Mexico,0.779,75.1,14.8,8.8,"19,160",0.758,0.529,"19,746",-1.2,58.6,84,48,0.8,142,65.4,127.6,80.4,9.5,0.76,0.792,0.96,71,"12,765","25,838",77.9,72.2,15,14.6,8.6,8.9,"12,765","25,838",12.6,61.2,78.2,44.2,78.5,2
Saint Kitts and Nevis,0.779,74.8,13.8,8.7,"25,038",,,"26,357",1.8,,91,13,14.4,105,63.1,0.1,30.8,,,,,,,,,,14,13.7,,,,,,,122.7,..,..,2
Ukraine,0.779,72.1,15.1,11.4,"13,216",0.742,0.675,"12,810",3.8,49.3,126,21,11.3,282,64.6,44,69.5,7.3,0.776,0.776,1,52,"10,088","16,840",76.8,67.1,15.3,14.9,11.3,11.3,"10,088","16,840",14.5,61,90.2,46.7,63.1,2
Antigua and Barbuda,0.778,77,12.8,9.3,"20,895",0.826,,"21,908",3.8,,91,31,30.1,114,66.6,0.1,24.5,0,,,,,,,78.1,75.9,13.2,12.1,,,,,,,90.2,..,..,2
Peru,0.777,76.7,15,9.7,"12,252",0.779,0.519,"12,848",0.5,75.1,98,30,2.4,130,69.9,32.5,78.1,2.7,0.759,0.793,0.957,87,"9,889","14,647",79.5,74.1,14.9,15.1,9.1,10.3,"9,889","14,647",27.4,57.3,47.1,70.3,85.1,2
Thailand,0.777,77.2,15,7.9,"17,781",0.81,0.596,"18,463",2.1,66.8,90,14,5.2,113,68.4,69.6,50.7,8.6,0.782,0.776,1.008,80,"15,924","19,737",80.9,73.5,15.8,14.7,7.7,8.2,"15,924","19,737",31.6,45.8,110.3,59.2,76.1,2
Armenia,0.776,75.1,13.1,11.3,"13,894",0.774,0.616,"13,654",7.4,46.2,140,23,6.4,129,66.6,3,63.2,0.3,0.766,0.78,0.982,54,"9,737","18,574",78.5,71.3,13.6,12.6,11.3,11.3,"9,737","18,574",29.6,53.2,91.4,47.1,65.9,2
North Macedonia,0.774,75.8,13.6,9.8,"15,865",0.791,0.619,"16,506",3.5,45.3,270,39,6.3,113,65.4,2.1,58.2,0.3,0.753,0.791,0.952,37,"11,698","20,027",77.8,73.8,13.8,13.4,9.4,10.2,"11,698","20,027",15.4,53.2,137.3,43,67.3,2
Colombia,0.767,77.3,14.4,8.5,"14,257",0.787,0.483,"14,731",1.9,62.1,126,20,2.3,141,69.6,50.3,81.1,4.4,0.761,0.77,0.989,101,"11,594","17,018",80,74.5,14.7,14.1,8.6,8.3,"11,594","17,018",16.6,63.4,38.1,57.3,80.9,2
Brazil,0.765,75.9,15.4,8,"14,263",0.766,0.442,"14,652",0.4,56.2,120,15,0.4,167,65.2,211,86.8,19.5,0.76,0.765,0.993,95,"10,535","18,120",79.6,72.2,15.8,15.1,8.2,7.7,"10,535","18,120",9.2,71,29,54.2,74.1,2
China,0.761,76.9,14,8.1,"16,057",0.806,0.557,"16,117",5.7,65.1,128,25,0.1,125,68.5,"1,433.80",60.3,164.5,0.744,0.777,0.957,39,"12,633","19,308",79.2,74.8,14,14,7.7,8.4,"12,633","19,308",25.4,46.4,35.7,60.5,75.3,2
Ecuador,0.759,77,14.6,8.9,"11,044",0.776,0.498,"11,375",-1.6,65.3,84,38,2.2,124,66.7,17.4,64,1.3,0.743,0.768,0.967,86,"7,874","14,211",79.8,74.3,14.9,14.3,8.7,8.9,"7,874","14,211",29.2,52.5,46.7,55.2,81.1,2
Saint Lucia,0.759,76.2,14,8.5,"14,616",0.773,0.547,"15,449",1.2,53.2,91,21,4.6,110,65.1,0.2,18.8,0,0.752,0.763,0.985,90,"11,476","17,851",77.6,74.9,14.7,13.3,8.8,8.2,"11,476","17,851",17.3,64.5,,59.5,75,2
Azerbaijan,0.756,73,12.9,10.6,"13,784",0.702,0.678,"14,404",1.4,62.8,126,17,2.5,157,63,10,56,0.6,0.73,0.774,0.943,73,"8,919","18,664",75.5,70.5,13,12.8,10.2,10.9,"8,919","18,664",35.9,49.3,86,63.4,69.7,2
Dominican Republic,0.756,74.1,14.2,8.1,"17,591",0.691,0.544,"18,419",4,60.6,98,24,5.3,135,64.2,10.7,81.8,0.8,0.759,0.76,0.999,112,"12,449","22,740",77.4,71,15,13.5,8.8,8.3,"12,449","22,740",9,71.1,53,51.4,77.4,2
Moldova (Republic of),0.75,71.9,11.5,11.7,"13,664",0.722,0.639,"13,034",5.3,40.7,126,26,2.6,166,65.1,4,42.7,0.5,0.754,0.744,1.014,46,"11,994","15,477",76.2,67.6,11.8,11.3,11.8,11.6,"11,994","15,477",35.9,47.2,85.8,40.5,46,2
Algeria,0.748,76.9,14.6,8,"11,174",0.752,0.631,"11,350",-1.1,36.3,98,22,0.6,151,66.3,43.1,73.2,2.8,0.671,0.782,0.858,103,"3,296","18,891",78.1,75.7,14.8,14.4,7.7,8.3,"3,296","18,891",9.9,59.4,52,14.6,67.4,2
Lebanon,0.744,78.9,11.3,8.7,"14,655",0.84,,"14,717",-5.7,44.1,70,5,27.2,130,66,6.9,88.8,0.5,0.691,0.774,0.892,96,"6,078","23,124",80.9,77.1,11.1,11.5,8.5,8.9,"6,078","23,124",13.6,63.9,63.6,22.9,71.4,2
Fiji,0.743,67.4,14.4,10.9,"13,009",0.621,,"13,853",0.3,55.3,98,20,1.6,132,59.7,0.9,56.8,0.1,,,,84,"8,317","17,577",69.3,65.7,,,11,10.8,"8,317","17,577",36.3,50.4,,38.5,76.5,2
Dominica,0.742,78.2,13,8.1,"11,884",,,"12,156",5.4,,84,25,11.5,104,63.1,0.1,70.8,,,,,,,,,,,,,,,,,,139.8,..,..,2
Maldives,0.74,78.9,12.2,7,"17,417",0.852,0.578,"18,914",2.2,65.5,60,5,13,100,69.1,0.5,40.2,0,0.698,0.756,0.923,82,"7,908","22,931",80.8,77.5,12.3,12.1,7,7,"7,908","22,931",8.5,73.1,135.7,41.6,84.2,2
Tunisia,0.74,76.7,15.1,7.2,"10,414",0.794,0.583,"10,756",-0.1,38.7,30,23,0.5,155,67.4,11.7,69.3,1,0.689,0.766,0.9,65,"4,587","16,341",78.7,74.7,15.8,14.3,6.5,8,"4,587","16,341",13,54.4,110.5,23.8,69.4,2
Saint Vincent and the Grenadines,0.738,72.5,14.1,8.8,"12,378",0.717,,"12,466",0,53.4,91,13,4.2,110,63.6,0.1,52.6,0,0.724,0.75,0.965,,"8,880","15,776",75.1,70.3,14.2,14,8.9,8.7,"8,880","15,776",10.7,69.3,85.2,54.4,77,2
Suriname,0.738,71.7,13.2,9.3,"14,324",0.693,0.4,"16,329",-1.7,47.4,,31,7.9,295,62.9,0.6,66.1,0,0.729,0.74,0.985,105,"9,504","19,093",75.1,68.5,13.8,12.5,9.4,9.1,"9,504","19,093",7.5,69,91,38.8,63.7,2
Mongolia,0.737,69.9,14.2,10.3,"10,839",0.667,0.588,"12,310",3.3,56.1,120,17,0.7,196,60.4,3.2,68.5,0.1,0.744,0.727,1.023,71,"8,756","12,981",74.1,65.8,14.8,13.7,10.7,9.7,"8,756","12,981",27.4,53.2,125.8,53.3,66.4,2
Botswana,0.735,69.6,12.8,9.6,"16,437",0.615,,"17,766",0.8,57.9,84,11,4.8,150,54.1,2.3,70.2,0.1,0.734,0.735,0.998,116,"15,276","17,677",72.4,66.5,13,12.7,9.5,9.7,"15,276","17,677",20.7,61.2,74.1,65.4,76.9,2
Jamaica,0.734,74.5,13.1,9.7,"9,319",0.754,0.466,"9,761",0.2,60.7,56,19,0.8,163,66.5,2.9,56,0.3,0.73,0.735,0.994,88,"7,501","11,163",76.1,72.9,13.9,12.4,10.2,9.3,"7,501","11,163",15.9,67.9,89,59.8,72.5,2
Jordan,0.729,74.5,11.4,10.5,"9,858",0.75,0.569,"9,906",0.5,33.5,70,15,33.1,126,68,10.1,91.2,0.4,0.664,0.758,0.875,109,"3,324","16,234",76.3,72.8,11.6,11.1,10.3,10.7,"3,324","16,234",3.1,72.4,87.6,14.4,63.7,2
Paraguay,0.728,74.3,12.7,8.5,"12,224",0.719,0.452,"12,685",-1.3,68.6,126,17,2.3,144,66.4,7,61.9,0.5,0.714,0.739,0.966,107,"8,855","15,483",76.4,72.3,13,12.4,8.5,8.5,"8,855","15,483",20.1,61.7,69.2,59.2,84.6,2
Tonga,0.725,70.9,14.4,11.2,"6,365",0.702,,"6,267",-0.9,59.1,,7,3.6,121,63.9,0.1,23.1,0,0.702,0.739,0.95,79,"4,311","8,416",72.9,69,14.6,14,11.3,11.2,"4,311","8,416",24.2,46.7,98.2,45.7,74.3,2
Libya,0.724,72.9,12.9,7.6,"15,688",0.74,,"15,174",1,40.5,98,16,12.1,,65.3,6.8,80.4,0.3,0.713,0.731,0.976,56,"9,249","21,999",76,70.1,13.1,12.6,8.5,7.2,"9,249","21,999",18.9,59.2,118.3,33.9,65.3,2
Uzbekistan,0.72,71.7,12.1,11.8,"7,142",0.685,,"6,999",3.6,61.2,126,16,3.5,,60.9,33,50.4,1.5,0.695,0.74,0.939,62,"5,064","9,230",73.8,69.6,11.9,12.2,11.6,12,"5,064","9,230",23.9,46.6,73,52.4,78.1,2
Bolivia (Plurinational State of),0.718,71.5,14.2,9,"8,554",0.614,0.463,"8,724",0.8,69.3,90,52,1.4,148,63.1,11.5,69.8,0.8,0.696,0.737,0.945,98,"6,481","10,610",74.5,68.7,14.2,14.2,8.3,9.8,"6,481","10,610",30.7,49.9,56.4,63.2,80.5,2
Indonesia,0.718,71.7,13.6,8.2,"11,459",0.685,0.551,"11,812",3.9,64.3,90,17,0.1,151,62.6,270.6,56,16.4,0.694,0.738,0.94,121,"7,902","14,966",74,69.6,13.7,13.5,7.8,8.6,"7,902","14,966",28.6,48.9,37.3,53.1,81.9,2
Philippines,0.718,71.2,13.1,9.4,"9,778",0.668,0.498,"8,908",4.6,58.3,105,28,0.2,130,62.7,108.1,47.1,5.7,0.72,0.715,1.007,104,"7,843","11,694",75.5,67.3,13.5,12.8,9.6,9.2,"7,843","11,694",23.4,57.2,68.6,46.1,73.3,2
Belize,0.716,74.6,13.1,9.9,"6,382",0.747,0.39,"7,005",-1.6,60.9,98,11,15.4,,65.1,0.4,45.9,0,0.706,0.723,0.976,97,"4,896","7,881",77.8,71.7,13.4,12.8,9.9,9.9,"4,896","7,881",16.8,67.5,115.7,49.9,80.6,2
Samoa,0.715,73.3,12.7,10.8,"6,309",0.738,,"6,517",3,40,28,10,2,118,61.8,0.2,18.1,0,,,,81,"4,054","8,410",75.5,71.3,13.2,12.3,,,"4,054","8,410",30.4,46.5,91.1,31.1,55.5,2
Turkmenistan,0.715,68.2,11.2,10.3,"14,909",0.568,0.558,"14,845",4.5,62,,25,3.3,,62.9,5.9,52,0.3,,,,,"10,493","19,461",71.7,64.7,10.9,11.5,,,"10,493","19,461",19.9,37.7,35.2,51.4,78.3,2
Venezuela (Bolivarian Republic of),0.711,72.1,12.8,10.3,"7,045",0.664,0.481,,-4.7,54.5,182,22,4.8,"2,740",65.4,28.5,88.2,2.2,0.712,0.706,1.009,119,"5,173","8,973",76,68.3,13.8,11.8,10.6,10,"5,173","8,973",8.3,75.1,48.1,45.4,74.9,2
South Africa,0.709,64.1,13.8,10.2,"12,129",0.549,0.312,"12,482",-1.2,40.2,120,45,7.2,159,56.2,58.6,66.9,3.2,0.702,0.712,0.986,93,"9,248","15,095",67.7,60.7,14.2,13.4,10,10.3,"9,248","15,095",5.1,72,59.2,49.6,62.7,2
"Palestine, State of",0.708,74.1,13.4,9.2,"6,417",0.732,0.524,"5,662",-1.6,32.4,70,,5.1,113,64.4,5,76.4,0.2,0.638,0.733,0.87,,"2,045","10,666",75.8,72.4,14.3,12.6,8.9,9.4,"2,045","10,666",6.1,62.3,79.6,17.7,69.5,2
Egypt,0.707,72,13.3,7.4,"11,466",0.707,0.455,"11,763",3.5,41.4,90,15,0.5,264,62.5,100.4,42.7,5.3,0.652,0.739,0.882,108,"4,753","18,039",74.4,69.7,13.3,13.3,6.8,8.1,"4,753","18,039",23.8,48.5,48.3,21.9,70.9,2
Marshall Islands,0.704,74.1,12.4,10.9,"5,039",,,"3,894",3,,,6,5.6,,57.4,0.1,77.4,,,,,,,,,,,,10.7,11.1,,,,,125.7,..,..,2
Viet Nam,0.704,75.4,12.7,8.3,"7,433",0.742,0.526,"8,041",6,75.9,180,27,0.1,164,65.7,96.5,36.6,7.3,0.703,0.705,0.997,65,"6,644","8,224",79.5,71.3,12.9,12.5,8,8.6,"6,644","8,224",37.4,35,210.4,72.7,82.4,2
Gabon,0.703,66.5,13,8.7,"13,930",0.552,0.588,"14,870",0.9,42.3,98,18,18.9,123,58.8,2.2,89.7,0.1,0.67,0.731,0.916,128,"9,925","17,791",68.7,64.4,12.6,13.4,7.8,9.6,"9,925","17,791",32.8,56.4,72.9,43.5,61.8,2
Kyrgyzstan,0.697,71.5,13,11.1,"4,864",0.702,0.506,"5,253",2.3,56,126,19,3.1,156,64.9,6.4,36.6,0.3,0.677,0.707,0.957,82,"2,971","6,798",75.6,67.4,13.2,12.7,11.2,11,"2,971","6,798",21.2,54.8,103.1,44.8,75.7,3
Morocco,0.686,76.7,13.7,5.6,"7,368",0.759,,"7,515",1,41.2,98,18,0.3,111,63.8,36.5,63,2.7,0.612,0.734,0.835,111,"2,975","11,831",77.9,75.4,13.3,14.1,4.7,6.6,"2,975","11,831",34.7,43.6,87.5,21.5,70.1,3
Guyana,0.682,69.9,11.4,8.5,"9,455",0.622,0.515,"9,703",4.2,49.5,91,32,2,116,58.4,0.8,26.7,0.1,0.662,0.688,0.961,115,"5,359","13,512",73.1,66.9,11.6,11.3,8.9,8,"5,359","13,512",17.1,60,79.1,43.9,68.5,3
Iraq,0.674,70.6,11.3,7.3,"10,801",0.655,0.618,"10,881",2.1,37.5,98,25,0.9,120,63.4,39.3,70.7,1.3,0.566,0.731,0.774,146,"2,427","18,975",72.7,68.6,10.4,12.2,6,8.6,"2,427","18,975",18.1,59.6,76.4,11.6,74.2,3
El Salvador,0.673,73.3,11.7,6.9,"8,359",0.718,0.523,"8,776",1.9,56.7,112,31,0.7,111,65.5,6.5,72.7,0.5,0.662,0.679,0.975,85,"6,471","10,501",77.8,68.5,11.5,11.7,6.6,7.3,"6,471","10,501",16.3,61.6,77.2,45.3,75.7,3
Tajikistan,0.668,71.1,11.7,10.7,"3,954",0.655,0.475,"3,380",4.5,37.4,140,20,2.9,149,61.8,9.3,27.3,0.3,0.586,0.712,0.823,70,"1,440","6,427",73.4,68.9,10.7,12.6,10.2,11.3,"1,440","6,427",44.9,39.4,56.6,31.3,52.8,3
Cabo Verde,0.665,73,12.7,6.3,"7,019",0.716,,"7,172",4.5,53,60,24,2.8,111,64.6,0.5,66.2,0,0.655,0.672,0.974,89,"5,453","8,573",76.2,69.5,13,12.4,6,6.6,"5,453","8,573",11.5,66.5,116.2,53.3,67.6,3
Guatemala,0.663,74.3,10.8,6.6,"8,494",0.713,0.433,"8,638",2.2,60.8,84,19,0.5,143,62.9,17.6,51.4,0.9,0.639,0.679,0.941,119,"5,451","11,629",77.2,71.4,10.6,10.9,6.6,6.7,"5,451","11,629",31.5,50,45.9,39.9,86.3,3
Nicaragua,0.66,74.5,12.3,6.9,"5,284",0.728,0.415,"5,407",-5.1,61.9,84,45,0.6,163,65.8,6.5,58.8,0.4,0.663,0.655,1.012,101,"4,656","5,930",78,70.9,12.6,12.1,7.2,6.6,"4,656","5,930",30.7,53.4,95.1,49.7,84.2,3
Bhutan,0.654,71.8,13,4.1,"10,746",0.66,0.565,"11,345",1.8,65.2,56,15,7,167,63.2,0.8,41.6,0,0.626,0.679,0.921,99,"8,117","13,069",72.2,71.4,13.5,12.8,3.3,4.8,"8,117","13,069",55.3,33.9,86.7,58.9,73.4,3
Namibia,0.646,63.7,12.6,7,"9,357",0.524,0.318,"9,637",-3,47.5,84,37,4.3,158,56.8,2.5,51,0.1,0.648,0.643,1.007,106,"8,482","10,287",66.5,60.7,12.7,12.5,7.3,6.7,"8,482","10,287",22.1,61.6,83.5,56.1,63.3,3
India,0.645,69.7,12.2,6.5,"6,681",0.613,0.515,"6,754",4,46.7,182,13,0.4,180,60.5,"1,366.40",34.5,87.1,0.573,0.699,0.82,123,"2,331","10,702",71,68.5,12.6,11.7,5.4,8.7,"2,331","10,702",42.4,32,40,20.5,76.1,3
Honduras,0.634,75.3,10.1,6.6,"5,308",0.737,0.373,"5,728",1,65.1,84,21,0.4,150,63,9.7,57.7,0.5,0.625,0.639,0.978,100,"4,173","6,446",77.6,73,10.5,9.6,6.6,6.5,"4,173","6,446",30.3,49.8,96.6,52,85.9,3
Bangladesh,0.632,72.6,11.6,6.2,"4,976",0.669,0.492,"4,754",7,56.5,112,21,1.3,180,64.5,163,37.4,8.4,0.596,0.66,0.904,133,"2,873","7,031",74.6,70.9,12,11.2,5.7,6.9,"2,873","7,031",38.6,40.2,36.8,36.3,81.4,3
Kiribati,0.63,68.4,11.8,8,"4,260",0.56,0.457,"2,275",0.7,,84,7,2.6,100,53.5,0.1,54.8,0,,,,,,,72.3,64.2,12.2,11.4,,,,,,,98.4,..,..,3
Sao Tome and Principe,0.625,70.4,12.7,6.4,"3,952",0.643,0.473,"3,964",0.5,50.1,98,15,1,185,62.3,0.2,73.6,0,0.59,0.651,0.906,133,"2,462","5,439",72.8,68,12.8,12.6,5.8,7.1,"2,462","5,439",19.1,62.5,,41.4,74.4,3
Micronesia (Federated States of),0.62,67.9,11.5,7.8,"3,983",0.618,0.41,"3,469",-0.8,,,0,2.5,112,56.7,0.1,22.8,0,,,,,,,69.6,66.2,,,,,,,,,100.9,..,..,3
Lao People's Democratic Republic,0.613,67.9,11,5.3,"7,413",0.571,0.518,"7,826",3.1,78,105,28,0.7,136,60.7,7.2,35.6,0.3,0.589,0.636,0.927,113,"5,801","9,013",69.7,66.1,10.7,11.3,4.9,5.7,"5,801","9,013",62.4,25.7,75.1,76.7,80.2,3
Eswatini (Kingdom of),0.611,60.2,11.8,6.9,"7,919",0.463,0.41,"8,688",1,40.9,14,12,2.8,163,50.6,1.1,24,0,0.609,0.611,0.996,143,"7,011","8,863",64.8,56,11.8,11.9,6.3,7.2,"7,011","8,863",12.5,63.8,84.4,48.5,56.8,3
Ghana,0.611,64.1,11.5,7.3,"5,269",0.514,0.454,"5,413",4.2,64.9,84,13,1.5,268,58.2,30.4,56.7,0.9,0.582,0.639,0.911,135,"4,073","6,432",65.2,63,11.4,11.6,6.6,8.1,"4,073","6,432",29.3,49,71.4,63.6,71.9,3
Vanuatu,0.609,70.5,11.7,7.1,"3,105",0.665,0.417,"3,144",0.4,66.8,84,0,1.1,117,57.6,0.3,25.4,0,,,,,"2,406","3,784",72.2,69,11.5,12,,,"2,406","3,784",55.8,37.8,97.9,61,78.8,3
Timor-Leste,0.606,69.5,12.6,4.8,"4,440",0.596,0.495,"3,123",1.4,64.3,84,38,0.7,145,61.7,1.3,30.9,0.1,0.587,0.623,0.942,,"4,486","4,395",71.6,67.5,12.2,13,3.8,5.6,"4,486","4,395",44.5,45.9,63,61.9,72.7,3
Nepal,0.602,70.8,12.8,5,"3,457",0.645,0.448,"3,417",5,82.6,60,34,1.7,189,61.5,28.6,20.2,1.7,0.581,0.623,0.933,110,"2,910","4,108",72.2,69.3,13,12.6,4.3,5.8,"2,910","4,108",65,19.9,54.9,82.8,85.1,3
Kenya,0.601,66.7,11.3,6.6,"4,244",0.557,0.379,"4,330",3,72.7,90,23,2,181,58.3,52.6,27.5,1.3,0.581,0.62,0.937,126,"3,666","4,829",69,64.3,11,11.7,6,7.2,"3,666","4,829",54.4,38.2,33.4,72.1,77.3,3
Cambodia,0.594,69.8,11.5,5,"4,246",0.628,0.485,"4,389",5.5,81.8,90,19,0.5,128,61.2,16.5,23.8,0.8,0.57,0.618,0.922,117,"3,697","4,822",71.9,67.5,11,11.9,4.2,5.8,"3,697","4,822",32.3,38.7,123.6,76.3,88.9,3
Equatorial Guinea,0.592,58.7,9.7,5.9,"13,944",0.39,,"18,558",-8.8,58,84,19,16.8,124,57.2,1.4,72.6,0,,,,,"9,949","17,135",59.9,57.7,,,4.2,7.6,"9,949","17,135",42.4,38.6,107.4,54.8,67.1,3
Zambia,0.584,63.9,11.5,7.2,"3,326",0.496,0.292,"3,479",-1.2,66.1,98,18,1,212,55.1,17.9,44.1,0.4,0.569,0.593,0.958,137,"3,380","3,270",66.9,60.8,10.7,11.6,6.3,8.2,"3,380","3,270",48.8,40.3,70,70.4,79.1,3
Myanmar,0.583,67.1,10.7,5,"4,961",0.56,,"5,142",2.2,60.7,98,12,0.1,168,60.9,54,30.9,3.2,0.564,0.592,0.954,118,"3,174","6,881",70.1,64,10.9,10.5,5,4.9,"3,174","6,881",48.9,35,60.7,47.5,77.4,3
Angola,0.581,61.2,11.8,5.2,"6,104",0.43,0.442,"6,654",-4,72.2,90,30,2.1,,56.7,31.8,66.2,0.7,0.552,0.611,0.903,132,"5,205","7,022",64,58.4,11,12.7,4,6.4,"5,205","7,022",50.4,41.5,66.4,76.1,78.9,3
Congo,0.574,64.6,11.7,6.5,"2,879",0.529,0.35,"3,298",-3.4,62.9,105,14,7.5,125,57,5.4,67.4,0.1,0.555,0.598,0.929,144,"2,500","3,259",66,63.1,11.6,11.9,6.1,7.5,"2,500","3,259",34.1,44,112.3,67.5,71.4,3
Zimbabwe,0.571,61.5,11,8.5,"2,666",0.484,0.353,"2,836",-9.4,79,98,35,2.8,106,53.6,14.6,32.2,0.4,0.55,0.59,0.931,129,"2,375","2,985",62.9,59.8,10.5,11.5,8.1,8.9,"2,375","2,985",66.5,26.9,50,78.1,89,3
Solomon Islands,0.567,73,10.2,5.7,"2,253",0.717,0.379,"2,367",0.1,83.4,84,4,0.4,133,52.7,0.7,24.2,0,,,,,"1,974","2,523",74.9,71.3,9.7,10.7,,,"1,974","2,523",37.6,52.9,98.4,82.1,85.6,3
Syrian Arab Republic,0.567,72.7,8.9,5.1,"3,613",0.705,,,,40.4,120,13,5.1,,63.9,17.1,54.8,0.8,0.492,0.593,0.829,122,989,"6,225",78.1,67.9,8.9,8.8,4.6,5.6,989,"6,225",10.7,62.7,,14.4,74.1,3
Cameroon,0.563,59.3,12.1,6.3,"3,581",0.402,0.351,"3,653",1.4,73.5,98,29,2,119,55.4,25.9,57,0.7,0.521,0.603,0.864,141,"2,973","4,189",60.6,58,11.3,12.9,4.7,8,"2,973","4,189",43.4,41.6,40.6,71.1,81.1,3
Pakistan,0.557,67.3,8.3,5.2,"5,005",0.51,0.489,"4,690",-1,50.2,112,20,1.5,182,57.2,216.6,36.9,9.4,0.456,0.612,0.745,135,"1,393","8,412",68.3,66.3,7.6,8.9,3.8,6.3,"1,393","8,412",36.7,38,30.4,21.9,81.7,3
Papua New Guinea,0.555,64.5,10.2,4.7,"4,301",0.52,0.404,"4,388",3.6,46,,0,0.4,156,56.4,8.8,13.2,0.3,,,,161,"3,767","4,814",65.8,63.3,,,4,5.3,"3,767","4,814",58.3,35,,46.3,48,3
Comoros,0.554,64.3,11.2,5.1,"3,099",0.485,0.228,"3,081",0.5,41.4,98,6,1.5,,60.3,0.9,29.2,0,0.519,0.583,0.891,,"2,300","3,885",66.1,62.6,11.1,11.4,4,6,"2,300","3,885",50.4,36.6,43.1,36.6,49.9,3
Mauritania,0.546,64.9,8.6,4.7,"5,135",0.484,0.449,"5,197",3.1,41.5,98,20,3.8,135,62.2,4.5,54.5,0.1,0.5,0.579,0.864,151,"2,782","7,468",66.5,63.3,8.7,8.5,3.8,5.6,"2,782","7,468",51.3,35.8,94.2,28.9,63.1,4
Benin,0.545,61.8,12.6,3.8,"3,254",0.418,0.358,"3,287",4,69.3,98,7,3.3,111,56.6,11.8,47.9,0.4,0.502,0.587,0.855,148,"2,837","3,673",63.3,60.2,11.4,13.8,2.4,5.5,"2,837","3,673",38.6,42.4,63.7,68.8,73,4
Uganda,0.544,63.4,11.4,6.2,"2,123",0.486,0.346,"2,181",2.8,69,84,35,3.9,174,57.8,44.3,24.4,0.9,0.503,0.582,0.863,131,"1,591","2,671",65.6,61,10.6,12.2,4.9,7.6,"1,591","2,671",72.7,20.7,46,67,73.9,4
Rwanda,0.543,69,11.2,4.4,"2,155",0.607,0.295,"2,226",6.6,82.8,84,56,4.3,151,59.8,12.6,17.3,0.4,0.528,0.558,0.945,92,"1,876","2,444",71.1,66.8,11.2,11.2,4,4.9,"1,876","2,444",62.4,28.7,53.7,83.9,83.4,4
Nigeria,0.539,54.7,10,6.7,"4,910",0.336,0.423,"5,135",-0.4,48.6,84,4,0.6,268,56,201,51.2,5.5,0.504,0.572,0.881,,"4,107","5,692",55.6,53.8,9.4,10.6,5.7,7.7,"4,107","5,692",35.1,52.7,33,47.9,57.9,4
Côte d'Ivoire,0.538,57.8,10,5.3,"5,069",0.388,0.433,"5,238",4.2,55.1,98,13,9.9,112,56.2,25.7,51.2,0.7,0.476,0.586,0.811,153,"2,561","7,531",59.1,56.6,9,10.9,4.2,6.4,"2,561","7,531",40,46.8,45.6,48.2,65.5,4
Tanzania (United Republic of),0.529,65.5,8.1,6.1,"2,600",0.522,0.382,"2,660",2.7,81.8,84,37,0.9,187,58.7,58,34.5,1.5,0.514,0.542,0.948,140,"2,222","2,978",67.2,63.6,8.2,8,5.8,6.4,"2,222","2,978",65.3,27.9,32.2,79.6,87.3,4
Madagascar,0.528,67,10.2,6.1,"1,596",0.571,0.303,"1,646",2.1,84.6,98,17,0.1,184,57.6,27,37.9,0.8,0.513,0.539,0.952,,"1,273","1,921",68.7,65.4,10.2,10.2,6.4,5.8,"1,273","1,921",64.2,26.8,59.8,83.4,88.9,4
Lesotho,0.527,54.3,11.3,6.5,"3,151",0.353,0.367,"2,768",0.7,52,84,23,0.3,156,45.2,2.1,28.6,0.1,0.529,0.522,1.014,139,"2,471","3,849",57.6,51.2,11.7,10.9,7.2,5.8,"2,471","3,849",8.5,49.2,134.6,60.2,75.9,4
Djibouti,0.524,67.1,6.8,4.1,"5,689",0.555,0.441,"5,519",5.9,54,98,26,11.8,120,58.9,1,77.9,0,,,,,"4,151","7,077",69.4,65.1,6.7,6.9,,,"4,151","7,077",33.1,53.8,298.3,50.7,68.8,4
Togo,0.515,61,12.7,4.9,"1,602",0.439,0.307,"1,596",2.8,76,98,16,3.5,113,57,8.1,42.2,0.2,0.464,0.565,0.822,145,"1,220","1,989",61.9,60.2,11.5,13.8,3.5,6.7,"1,220","1,989",37.7,49.4,71.2,76.3,78.9,4
Senegal,0.512,67.9,8.6,3.2,"3,309",0.581,0.392,"3,395",2.4,42.7,98,42,1.7,109,59.9,16.3,47.7,0.5,0.475,0.546,0.87,130,"2,271","4,401",69.9,65.8,8.9,8.2,1.9,4.6,"2,271","4,401",30,56.5,60.5,35,57.5,4
Afghanistan,0.511,64.8,10.2,3.9,"2,229",0.495,,"2,202",0.5,43.5,90,27,0.4,150,54.1,38,25.8,1,0.391,0.593,0.659,157,819,"3,566",66.4,63.4,7.7,12.5,1.9,6,819,"3,566",42.8,39,45.6,21.6,74.7,4
Haiti,0.51,64,9.7,5.6,"1,709",0.459,0.212,"1,729",-2.2,57.9,42,3,0.2,179,55.4,11.3,56.2,0.6,0.473,0.54,0.875,152,"1,410","2,016",66.2,61.8,9,10.4,4.3,6.6,"1,410","2,016",28.7,64.7,74.3,61.9,72.8,4
Sudan,0.51,65.3,7.9,3.8,"3,829",0.506,0.369,"3,958",-4.9,40.4,56,28,2.9,"1,344",61.4,42.8,34.9,1.6,0.466,0.542,0.86,138,"1,981","5,679",67.2,63.5,7.7,8.3,3.3,4.2,"1,981","5,679",39.9,43.8,26.7,29.1,68.2,4
Gambia,0.496,62.1,9.9,3.9,"2,168",0.463,0.384,"2,207",2.9,54,180,10,9.2,173,58.3,2.3,61.9,0.1,0.448,0.53,0.846,148,"1,145","3,207",63.5,60.7,10,9.8,3.3,4.6,"1,145","3,207",27.1,57.2,65.5,51.2,68,4
Ethiopia,0.485,66.6,8.8,2.9,"2,207",0.538,0.405,"2,220",5.5,77.9,90,37,1.1,,60.2,112.1,21.2,3.9,0.442,0.527,0.837,125,"1,642","2,771",68.5,64.7,8.3,9.3,1.7,4.3,"1,642","2,771",66.1,23.7,28.7,73.4,85.8,4
Malawi,0.483,64.3,11.2,4.7,"1,035",0.51,0.239,"1,060",1.6,72.4,56,23,1.3,418,56.6,18.6,17.2,0.5,0.493,0.5,0.986,142,838,"1,237",67.4,61.1,11.2,11.3,6.9,5.2,838,"1,237",43.6,42.5,66.6,72.6,81.1,4
Congo (Democratic Republic of the),0.48,60.7,9.7,6.8,"1,063",0.4,0.258,"1,098",1.1,60.8,98,12,1.1,134,56.3,86.8,45,2.6,0.439,0.52,0.845,150,907,"1,218",62.2,59.1,8.6,10.8,5.3,8.4,907,"1,218",65.4,24.8,67.3,60.7,66.3,4
Guinea-Bissau,0.48,58.3,10.6,3.6,"1,996",0.399,0.281,"1,989",2.1,70.2,60,14,1.4,107,53.6,1.9,43.8,0.1,,,,,"1,647","2,361",60.2,56.3,,,,,"1,647","2,361",68.1,24.9,57,65.8,78.7,4
Liberia,0.48,64.1,9.6,4.8,"1,258",0.476,0.296,"1,428",-4.6,74.2,98,12,1.9,223,56.9,4.9,51.6,0.2,0.453,0.509,0.89,156,"1,242","1,275",65.5,62.7,9.2,10.4,3.5,6.2,"1,242","1,275",43.3,46.5,127.5,72.1,80.6,4
Guinea,0.477,61.6,9.4,2.8,"2,405",0.44,0.395,"2,564",2.6,58.9,98,23,0.9,263,53.9,12.8,36.5,0.4,0.428,0.524,0.817,,"2,266","2,554",62.1,60.9,8,10.8,1.5,4.2,"2,266","2,554",61.7,32.1,108.7,62.7,60.2,4
Yemen,0.47,66.1,8.8,3.2,"1,594",0.534,0.327,,-1.6,33.1,70,1,1.3,158,58.6,29.2,37.3,0.8,0.27,0.553,0.488,162,186,"2,980",67.8,64.4,7.4,10.2,2.9,5.1,186,"2,980",29,61,,5.8,70.2,4
Eritrea,0.459,66.3,5,3.9,"2,793",0.56,,,,74.4,60,22,0.5,,55.9,3.5,40.7,0.2,,,,,"2,275","3,309",68.6,64.2,4.6,5.4,,,"2,275","3,309",61.2,30.3,47.4,71.5,85.5,4
Mozambique,0.456,60.9,10,3.5,"1,250",0.441,0.273,"1,280",-0.7,75.6,60,41,1.1,182,50.8,30.4,36.5,0.9,0.435,0.476,0.912,127,"1,131","1,377",63.7,57.8,9.5,10.5,2.7,4.5,"1,131","1,377",70.3,21.2,112.2,77.3,79,4
Burkina Faso,0.452,61.6,9.3,1.6,"2,133",0.435,0.382,"2,190",2.7,62.3,98,13,3.5,108,54.2,20.3,30,0.5,0.418,0.482,0.867,147,"1,541","2,727",62.3,60.7,9.1,9.4,1.1,2.3,"1,541","2,727",25.2,41.1,60.2,58.3,74.8,4
Sierra Leone,0.452,54.7,10.2,3.7,"1,668",0.326,0.35,"1,718",3.3,55.3,84,12,0.7,234,54.1,7.8,42.5,0.2,0.423,0.479,0.884,155,"1,470","1,867",55.5,53.9,9.7,10.6,2.9,4.5,"1,470","1,867",54.9,38.6,56.7,57.3,58.5,4
Mali,0.434,59.3,7.5,2.4,"2,269",0.383,0.393,"2,327",1.9,65.7,98,10,2.4,109,54.3,19.7,43.1,0.5,0.388,0.473,0.821,158,"1,516","3,019",60.1,58.5,6.8,8.1,1.7,3,"1,516","3,019",62.6,29.8,57.2,61.2,80.6,4
Burundi,0.433,61.6,11.1,3.3,754,0.457,0.241,752,-1.3,78,84,39,2.8,182,55.5,11.5,13.4,0.3,0.432,0.432,0.999,124,866,640,63.4,59.8,11,11.1,2.6,4.1,866,640,92,6.5,41.9,80.4,77.8,4
South Sudan,0.433,57.9,5.3,4.8,"2,003",0.372,0.307,,-12.1,63.5,90,27,7.8,"4,584",54.6,11.1,19.9,0.4,0.384,0.456,0.842,,"1,759","2,247",59.4,56.4,3.5,5.9,3.9,5.2,"1,759","2,247",56.9,29.2,65.6,71,73.8,4
Chad,0.398,54.2,7.3,2.5,"1,555",0.311,0.297,"1,580",0.2,69.4,98,15,3.2,118,52.9,15.9,23.3,0.4,0.342,0.448,0.764,160,"1,244","1,868",55.7,52.8,5.9,8.8,1.3,3.8,"1,244","1,868",76.6,21.3,74.6,63.9,77.5,4
Central African Republic,0.397,53.3,7.6,4.3,993,0.307,0.176,945,1.3,69.3,98,9,1.9,,45.7,4.7,41.8,0.1,0.351,0.438,0.801,159,792,"1,197",55.5,51.1,6.2,8.9,3,5.6,792,"1,197",77.3,17.3,66.1,64.4,79.8,4
Niger,0.394,62.4,6.5,2.1,"1,201",0.451,0.314,"1,219",1.9,71.7,98,17,1.3,109,55.1,23.3,16.5,0.6,0.321,0.443,0.724,154,536,"1,859",63.6,61.3,5.7,7.2,1.4,2.8,536,"1,859",75.1,17.7,39.7,60.6,83.7,4
,,,,2.079048967,,,,,,,,,,,,,,,,,,,,,,,,,,,,,,,,,,
